timestamp,device_id,device_type,location,packet_count,failed_logins,cpu_usage,memory_usage,data_transfer_mb,latency_ms,known_anomaly
2026-01-01 00:00:00,IOT-039,Smart camera,Dallas Route,474,0,48.0,47.9,29.5,95.8,0
2026-01-01 00:10:00,IOT-029,Smart camera,Port Terminal,391,0,54.8,74.5,38.3,68.6,0
2026-01-01 00:20:00,IOT-015,Warehouse gateway,Dallas Route,546,1,44.6,49.7,37.8,97.0,0
2026-01-01 00:30:00,IOT-008,Smart camera,Lagos Hub,435,1,50.5,56.8,18.0,55.4,0
2026-01-01 00:40:00,IOT-021,Warehouse gateway,Dallas Route,1497,13,82.6,59.0,108.9,206.9,1
2026-01-01 00:50:00,IOT-039,Warehouse gateway,Warehouse A,367,1,42.6,56.3,46.6,80.3,0
2026-01-01 01:00:00,IOT-019,Temperature node,Dallas Route,447,0,42.5,54.2,31.4,68.1,0
2026-01-01 01:10:00,IOT-023,Cold-chain sensor,Little Rock DC,630,1,36.0,43.0,25.1,74.0,0
2026-01-01 01:20:00,IOT-011,Warehouse gateway,Lagos Hub,536,5,42.9,69.5,38.1,96.2,0
2026-01-01 01:30:00,IOT-011,GPS tracker,Little Rock DC,477,3,26.4,73.1,35.8,68.3,0
2026-01-01 01:40:00,IOT-024,Cold-chain sensor,Little Rock DC,409,1,39.1,38.2,38.2,65.0,0
2026-01-01 01:50:00,IOT-036,Cold-chain sensor,Warehouse A,456,2,41.6,44.8,36.7,75.6,0
2026-01-01 02:00:00,IOT-040,Cold-chain sensor,Lagos Hub,467,1,41.9,52.2,39.6,56.5,0
2026-01-01 02:10:00,IOT-024,Temperature node,Lagos Hub,490,1,42.1,45.4,48.0,116.4,0
2026-01-01 02:20:00,IOT-003,Warehouse gateway,Lagos Hub,353,2,44.3,60.1,40.1,68.7,0
2026-01-01 02:30:00,IOT-022,Temperature node,Lagos Hub,510,1,50.8,47.7,25.6,96.6,0
2026-01-01 02:40:00,IOT-002,Warehouse gateway,Lagos Hub,351,3,55.5,76.7,47.3,84.2,0
2026-01-01 02:50:00,IOT-024,Temperature node,Warehouse A,596,2,37.2,66.9,49.8,60.3,0
2026-01-01 03:00:00,IOT-030,Temperature node,Dallas Route,380,1,30.6,57.1,63.4,79.9,0
2026-01-01 03:10:00,IOT-038,GPS tracker,Little Rock DC,476,1,32.5,65.3,24.9,95.7,0
2026-01-01 03:20:00,IOT-002,Temperature node,Lagos Hub,540,2,39.2,66.1,37.2,76.2,0
2026-01-01 03:30:00,IOT-021,Smart camera,Dallas Route,427,0,40.8,49.4,16.3,103.9,0
2026-01-01 03:40:00,IOT-033,GPS tracker,Dallas Route,480,0,35.8,46.8,40.0,100.4,0
2026-01-01 03:50:00,IOT-012,Temperature node,Little Rock DC,579,1,29.4,55.8,30.1,98.4,0
2026-01-01 04:00:00,IOT-022,Cold-chain sensor,Warehouse A,500,1,39.5,63.6,52.3,70.8,0
2026-01-01 04:10:00,IOT-025,Smart camera,Port Terminal,481,0,47.2,56.4,28.0,58.4,0
2026-01-01 04:20:00,IOT-027,Smart camera,Port Terminal,298,1,52.1,39.2,19.8,67.7,0
2026-01-01 04:30:00,IOT-028,Smart camera,Dallas Route,365,4,38.3,47.0,30.8,83.9,0
2026-01-01 04:40:00,IOT-016,GPS tracker,Little Rock DC,544,0,40.0,54.3,17.2,90.9,0
2026-01-01 04:50:00,IOT-015,Temperature node,Port Terminal,501,0,33.9,54.2,41.8,36.6,0
2026-01-01 05:00:00,IOT-003,Temperature node,Dallas Route,514,0,44.6,74.7,16.4,79.8,0
2026-01-01 05:10:00,IOT-037,Cold-chain sensor,Warehouse A,507,1,34.8,41.1,35.3,83.2,0
2026-01-01 05:20:00,IOT-007,Cold-chain sensor,Port Terminal,566,3,51.9,60.1,16.3,74.4,0
2026-01-01 05:30:00,IOT-021,Smart camera,Dallas Route,426,0,23.6,69.9,32.1,105.8,0
2026-01-01 05:40:00,IOT-009,Cold-chain sensor,Dallas Route,460,2,40.7,77.7,49.8,88.4,0
2026-01-01 05:50:00,IOT-039,GPS tracker,Lagos Hub,357,0,48.6,51.0,38.2,106.2,0
2026-01-01 06:00:00,IOT-018,Temperature node,Warehouse A,334,4,47.2,59.9,27.2,75.7,0
2026-01-01 06:10:00,IOT-004,Smart camera,Lagos Hub,302,1,77.3,60.7,34.7,98.7,0
2026-01-01 06:20:00,IOT-025,Cold-chain sensor,Little Rock DC,370,1,49.2,57.0,35.2,112.7,0
2026-01-01 06:30:00,IOT-014,GPS tracker,Lagos Hub,589,3,33.0,54.0,39.3,106.2,0
2026-01-01 06:40:00,IOT-009,GPS tracker,Lagos Hub,310,2,43.9,59.4,22.7,58.2,0
2026-01-01 06:50:00,IOT-026,Cold-chain sensor,Port Terminal,422,1,23.7,29.7,40.3,74.9,0
2026-01-01 07:00:00,IOT-002,Temperature node,Dallas Route,333,1,44.0,61.8,10.7,73.1,0
2026-01-01 07:10:00,IOT-020,Cold-chain sensor,Warehouse A,395,1,35.0,56.3,29.3,89.8,0
2026-01-01 07:20:00,IOT-028,Smart camera,Lagos Hub,465,3,56.0,52.8,30.6,93.7,0
2026-01-01 07:30:00,IOT-007,Cold-chain sensor,Warehouse A,386,2,38.4,75.5,40.7,63.2,0
2026-01-01 07:40:00,IOT-008,GPS tracker,Lagos Hub,548,0,43.6,48.3,35.2,81.4,0
2026-01-01 07:50:00,IOT-035,Cold-chain sensor,Little Rock DC,588,1,37.4,51.0,22.3,39.6,0
2026-01-01 08:00:00,IOT-014,Temperature node,Lagos Hub,247,0,65.9,74.9,26.1,108.8,0
2026-01-01 08:10:00,IOT-017,Warehouse gateway,Port Terminal,388,0,41.1,46.7,36.8,69.8,0
2026-01-01 08:20:00,IOT-036,Cold-chain sensor,Dallas Route,455,0,67.0,49.5,34.3,81.1,0
2026-01-01 08:30:00,IOT-040,Temperature node,Little Rock DC,551,2,54.8,53.5,29.8,73.8,0
2026-01-01 08:40:00,IOT-004,Temperature node,Lagos Hub,409,0,50.8,63.4,30.7,102.9,0
2026-01-01 08:50:00,IOT-002,GPS tracker,Warehouse A,448,1,49.4,57.1,41.3,23.2,0
2026-01-01 09:00:00,IOT-006,Temperature node,Little Rock DC,1380,18,82.1,42.1,80.2,245.8,1
2026-01-01 09:10:00,IOT-004,Temperature node,Little Rock DC,312,1,21.9,49.7,34.2,77.9,0
2026-01-01 09:20:00,IOT-029,Temperature node,Lagos Hub,580,0,41.7,48.9,54.5,70.9,0
2026-01-01 09:30:00,IOT-018,Temperature node,Little Rock DC,285,0,55.1,54.2,22.2,114.5,0
2026-01-01 09:40:00,IOT-026,Smart camera,Warehouse A,659,0,44.4,59.3,18.3,62.3,0
2026-01-01 09:50:00,IOT-034,Smart camera,Little Rock DC,515,0,28.1,59.2,42.1,95.4,0
2026-01-01 10:00:00,IOT-010,GPS tracker,Warehouse A,511,1,44.4,37.2,28.9,87.1,0
2026-01-01 10:10:00,IOT-036,Cold-chain sensor,Lagos Hub,501,1,65.4,65.6,32.1,105.2,0
2026-01-01 10:20:00,IOT-014,Temperature node,Dallas Route,427,0,60.0,57.5,28.0,66.7,0
2026-01-01 10:30:00,IOT-031,Cold-chain sensor,Little Rock DC,1940,24,84.8,68.8,129.6,200.4,1
2026-01-01 10:40:00,IOT-015,Cold-chain sensor,Dallas Route,432,1,56.4,59.4,49.4,101.9,0
2026-01-01 10:50:00,IOT-008,GPS tracker,Warehouse A,499,1,40.6,66.0,42.2,88.5,0
2026-01-01 11:00:00,IOT-014,Temperature node,Little Rock DC,446,3,24.6,59.7,42.8,49.1,0
2026-01-01 11:10:00,IOT-023,Temperature node,Port Terminal,364,0,33.9,68.5,22.3,69.2,0
2026-01-01 11:20:00,IOT-040,Warehouse gateway,Dallas Route,371,0,63.8,60.2,24.6,87.7,0
2026-01-01 11:30:00,IOT-021,Cold-chain sensor,Little Rock DC,361,1,41.7,54.0,9.4,96.8,0
2026-01-01 11:40:00,IOT-016,Cold-chain sensor,Dallas Route,537,2,42.1,77.7,27.7,66.4,0
2026-01-01 11:50:00,IOT-018,Smart camera,Little Rock DC,394,1,41.4,63.9,43.6,21.7,0
2026-01-01 12:00:00,IOT-024,Warehouse gateway,Lagos Hub,277,3,67.8,60.7,39.7,90.5,0
2026-01-01 12:10:00,IOT-026,Smart camera,Dallas Route,485,1,64.5,42.2,33.0,55.6,0
2026-01-01 12:20:00,IOT-025,Smart camera,Port Terminal,586,0,71.6,42.1,34.8,39.7,0
2026-01-01 12:30:00,IOT-029,Smart camera,Port Terminal,519,0,43.1,57.9,28.8,23.4,0
2026-01-01 12:40:00,IOT-015,GPS tracker,Warehouse A,395,2,48.5,56.5,36.8,96.3,0
2026-01-01 12:50:00,IOT-001,GPS tracker,Little Rock DC,307,1,26.8,48.9,41.9,82.6,0
2026-01-01 13:00:00,IOT-025,Smart camera,Dallas Route,437,1,62.7,56.4,20.5,75.5,0
2026-01-01 13:10:00,IOT-007,Warehouse gateway,Warehouse A,435,2,31.0,70.9,37.7,107.8,0
2026-01-01 13:20:00,IOT-009,Cold-chain sensor,Dallas Route,362,0,47.6,62.0,43.4,92.7,0
2026-01-01 13:30:00,IOT-024,Warehouse gateway,Little Rock DC,499,2,31.8,43.6,31.3,112.3,0
2026-01-01 13:40:00,IOT-001,Temperature node,Port Terminal,1232,20,95.4,53.9,113.4,147.6,1
2026-01-01 13:50:00,IOT-008,GPS tracker,Lagos Hub,470,1,35.0,47.0,60.3,79.3,0
2026-01-01 14:00:00,IOT-024,Cold-chain sensor,Port Terminal,464,4,37.7,51.1,34.1,47.7,0
2026-01-01 14:10:00,IOT-011,Cold-chain sensor,Warehouse A,365,0,38.5,50.9,38.5,75.4,0
2026-01-01 14:20:00,IOT-017,Temperature node,Lagos Hub,2300,17,92.1,50.2,90.9,200.8,1
2026-01-01 14:30:00,IOT-008,Temperature node,Warehouse A,443,1,55.0,42.4,36.6,92.5,0
2026-01-01 14:40:00,IOT-035,Smart camera,Little Rock DC,397,0,31.7,53.7,39.1,80.9,0
2026-01-01 14:50:00,IOT-035,GPS tracker,Lagos Hub,455,1,47.6,49.4,36.8,92.5,0
2026-01-01 15:00:00,IOT-033,GPS tracker,Warehouse A,492,1,59.6,25.7,25.8,94.1,0
2026-01-01 15:10:00,IOT-005,Warehouse gateway,Little Rock DC,462,0,38.8,75.5,36.9,123.1,0
2026-01-01 15:20:00,IOT-039,Smart camera,Port Terminal,1674,19,88.7,65.9,125.5,213.6,1
2026-01-01 15:30:00,IOT-028,Smart camera,Little Rock DC,484,1,42.2,51.2,39.0,61.2,0
2026-01-01 15:40:00,IOT-007,Smart camera,Dallas Route,424,3,59.2,55.2,43.7,84.9,0
2026-01-01 15:50:00,IOT-009,Smart camera,Little Rock DC,486,1,47.3,43.3,32.9,64.0,0
2026-01-01 16:00:00,IOT-008,GPS tracker,Little Rock DC,1976,27,83.3,72.0,179.6,282.4,1
2026-01-01 16:10:00,IOT-012,GPS tracker,Dallas Route,333,1,50.8,74.0,37.5,74.3,0
2026-01-01 16:20:00,IOT-034,Smart camera,Warehouse A,553,2,31.8,56.6,26.4,68.7,0
2026-01-01 16:30:00,IOT-033,Warehouse gateway,Warehouse A,422,3,53.2,65.2,37.9,70.6,0
2026-01-01 16:40:00,IOT-023,Cold-chain sensor,Little Rock DC,425,1,49.9,56.8,26.1,94.4,0
2026-01-01 16:50:00,IOT-024,Cold-chain sensor,Dallas Route,517,2,41.3,41.6,29.3,76.8,0
2026-01-01 17:00:00,IOT-037,Warehouse gateway,Dallas Route,517,1,34.9,50.9,36.7,67.2,0
2026-01-01 17:10:00,IOT-035,Smart camera,Port Terminal,386,1,34.4,56.3,37.7,113.3,0
2026-01-01 17:20:00,IOT-040,GPS tracker,Warehouse A,522,2,51.4,50.5,24.3,62.9,0
2026-01-01 17:30:00,IOT-022,Cold-chain sensor,Lagos Hub,399,0,59.7,52.8,44.5,80.7,0
2026-01-01 17:40:00,IOT-027,Temperature node,Warehouse A,613,2,37.4,54.1,40.1,93.0,0
2026-01-01 17:50:00,IOT-035,Temperature node,Warehouse A,375,0,50.5,54.2,28.7,47.4,0
2026-01-01 18:00:00,IOT-001,Warehouse gateway,Port Terminal,471,1,20.0,55.5,21.2,89.6,0
2026-01-01 18:10:00,IOT-035,Smart camera,Lagos Hub,379,2,38.0,44.4,33.7,58.9,0
2026-01-01 18:20:00,IOT-037,Cold-chain sensor,Port Terminal,650,0,44.6,47.8,31.0,96.5,0
2026-01-01 18:30:00,IOT-014,Smart camera,Lagos Hub,338,3,34.1,42.2,36.0,60.7,0
2026-01-01 18:40:00,IOT-003,Cold-chain sensor,Little Rock DC,497,1,33.8,64.8,31.7,93.9,0
2026-01-01 18:50:00,IOT-001,Warehouse gateway,Lagos Hub,383,2,37.0,33.9,16.9,102.1,0
2026-01-01 19:00:00,IOT-005,Warehouse gateway,Port Terminal,418,0,48.5,66.5,31.5,97.2,0
2026-01-01 19:10:00,IOT-026,Temperature node,Warehouse A,490,0,42.8,68.9,32.2,85.0,0
2026-01-01 19:20:00,IOT-014,Smart camera,Lagos Hub,560,1,18.1,52.0,40.7,75.4,0
2026-01-01 19:30:00,IOT-039,Temperature node,Lagos Hub,596,0,19.6,29.0,28.7,68.5,0
2026-01-01 19:40:00,IOT-027,Smart camera,Dallas Route,311,2,37.7,51.4,50.1,109.4,0
2026-01-01 19:50:00,IOT-009,Temperature node,Warehouse A,474,1,50.5,54.4,17.8,66.0,0
2026-01-01 20:00:00,IOT-015,GPS tracker,Little Rock DC,2324,20,94.4,44.9,141.2,123.0,1
2026-01-01 20:10:00,IOT-015,GPS tracker,Port Terminal,298,4,39.0,49.8,33.0,93.3,0
2026-01-01 20:20:00,IOT-026,GPS tracker,Little Rock DC,478,2,38.7,70.3,42.7,64.1,0
2026-01-01 20:30:00,IOT-013,GPS tracker,Warehouse A,898,9,98.6,61.6,72.6,175.2,1
2026-01-01 20:40:00,IOT-032,Cold-chain sensor,Lagos Hub,487,0,40.4,45.8,45.3,51.1,0
2026-01-01 20:50:00,IOT-039,GPS tracker,Lagos Hub,380,1,49.6,39.0,31.5,70.3,0
2026-01-01 21:00:00,IOT-032,Warehouse gateway,Warehouse A,320,2,46.7,51.7,25.1,78.3,0
2026-01-01 21:10:00,IOT-004,Warehouse gateway,Lagos Hub,277,1,19.4,52.9,47.8,84.9,0
2026-01-01 21:20:00,IOT-030,Cold-chain sensor,Lagos Hub,537,0,54.2,60.0,34.0,99.0,0
2026-01-01 21:30:00,IOT-037,GPS tracker,Lagos Hub,549,0,47.6,49.6,37.0,90.5,0
2026-01-01 21:40:00,IOT-023,GPS tracker,Port Terminal,477,1,51.1,60.1,46.1,76.2,0
2026-01-01 21:50:00,IOT-039,GPS tracker,Port Terminal,401,2,92.1,74.4,25.7,76.0,0
2026-01-01 22:00:00,IOT-015,Temperature node,Dallas Route,303,1,20.0,63.2,40.4,90.2,0
2026-01-01 22:10:00,IOT-029,Smart camera,Little Rock DC,500,1,65.7,54.5,29.7,105.5,0
2026-01-01 22:20:00,IOT-036,Temperature node,Warehouse A,1050,13,97.1,53.2,94.8,207.3,1
2026-01-01 22:30:00,IOT-013,Smart camera,Warehouse A,1540,15,86.2,51.4,117.8,135.3,1
2026-01-01 22:40:00,IOT-032,GPS tracker,Warehouse A,397,0,44.5,66.8,21.5,60.1,0
2026-01-01 22:50:00,IOT-007,GPS tracker,Dallas Route,432,1,39.9,48.7,28.0,51.1,0
2026-01-01 23:00:00,IOT-022,Temperature node,Port Terminal,381,1,38.2,55.5,47.2,93.3,0
2026-01-01 23:10:00,IOT-028,Temperature node,Dallas Route,453,0,49.0,55.5,43.0,91.6,0
2026-01-01 23:20:00,IOT-002,Smart camera,Warehouse A,394,4,26.8,50.0,34.4,91.5,0
2026-01-01 23:30:00,IOT-006,Warehouse gateway,Little Rock DC,2052,11,89.0,41.3,79.8,238.2,1
2026-01-01 23:40:00,IOT-028,Smart camera,Lagos Hub,542,1,40.0,58.2,32.4,108.1,0
2026-01-01 23:50:00,IOT-028,Temperature node,Port Terminal,459,1,31.4,54.4,47.2,70.3,0
2026-01-02 00:00:00,IOT-020,Temperature node,Port Terminal,491,2,39.6,60.0,33.2,99.1,0
2026-01-02 00:10:00,IOT-030,Cold-chain sensor,Dallas Route,640,2,60.1,49.7,37.1,79.2,0
2026-01-02 00:20:00,IOT-011,Temperature node,Port Terminal,344,2,38.6,67.2,45.3,67.8,0
2026-01-02 00:30:00,IOT-028,Cold-chain sensor,Warehouse A,338,0,49.3,46.2,28.0,91.9,0
2026-01-02 00:40:00,IOT-025,Warehouse gateway,Warehouse A,512,0,36.2,72.1,49.0,88.2,0
2026-01-02 00:50:00,IOT-039,Smart camera,Dallas Route,625,1,54.1,37.5,21.2,87.1,0
2026-01-02 01:00:00,IOT-033,Smart camera,Warehouse A,1704,24,96.8,59.3,103.4,235.4,1
2026-01-02 01:10:00,IOT-001,Cold-chain sensor,Little Rock DC,605,3,67.2,59.8,31.6,79.2,0
2026-01-02 01:20:00,IOT-027,Smart camera,Dallas Route,458,4,42.9,47.0,32.8,127.8,0
2026-01-02 01:30:00,IOT-013,Temperature node,Little Rock DC,388,0,53.0,59.2,18.0,103.7,0
2026-01-02 01:40:00,IOT-003,GPS tracker,Lagos Hub,360,3,46.2,67.8,30.9,94.5,0
2026-01-02 01:50:00,IOT-039,Cold-chain sensor,Little Rock DC,506,0,60.6,32.8,25.6,82.2,0
2026-01-02 02:00:00,IOT-006,Smart camera,Lagos Hub,1468,28,86.0,60.0,130.9,247.4,1
2026-01-02 02:10:00,IOT-008,Cold-chain sensor,Lagos Hub,457,2,53.9,30.1,33.8,90.4,0
2026-01-02 02:20:00,IOT-027,Cold-chain sensor,Little Rock DC,592,2,42.7,45.3,43.6,80.5,0
2026-01-02 02:30:00,IOT-009,GPS tracker,Dallas Route,422,1,44.2,71.3,36.9,73.9,0
2026-01-02 02:40:00,IOT-037,Temperature node,Warehouse A,568,0,46.1,49.2,37.8,78.4,0
2026-01-02 02:50:00,IOT-033,Cold-chain sensor,Warehouse A,340,1,48.0,43.3,25.1,16.6,0
2026-01-02 03:00:00,IOT-024,Smart camera,Lagos Hub,401,0,43.6,53.0,27.1,84.2,0
2026-01-02 03:10:00,IOT-015,Warehouse gateway,Lagos Hub,323,0,47.6,75.7,51.2,70.2,0
2026-01-02 03:20:00,IOT-032,Cold-chain sensor,Dallas Route,456,1,63.9,36.7,28.4,111.9,0
2026-01-02 03:30:00,IOT-032,Cold-chain sensor,Port Terminal,520,3,56.8,44.5,49.9,80.4,0
2026-01-02 03:40:00,IOT-024,GPS tracker,Little Rock DC,456,0,55.4,70.0,32.8,56.2,0
2026-01-02 03:50:00,IOT-012,Temperature node,Lagos Hub,560,3,39.5,73.6,35.0,79.0,0
2026-01-02 04:00:00,IOT-039,Warehouse gateway,Warehouse A,382,3,34.3,54.0,44.6,59.1,0
2026-01-02 04:10:00,IOT-002,Smart camera,Dallas Route,470,2,56.5,42.6,46.4,89.5,0
2026-01-02 04:20:00,IOT-003,Warehouse gateway,Little Rock DC,402,1,55.5,76.0,34.0,85.8,0
2026-01-02 04:30:00,IOT-037,Smart camera,Dallas Route,482,1,62.7,70.9,31.5,99.2,0
2026-01-02 04:40:00,IOT-017,Temperature node,Little Rock DC,495,0,37.8,61.8,34.5,64.2,0
2026-01-02 04:50:00,IOT-002,Smart camera,Little Rock DC,502,1,42.2,46.9,38.0,80.7,0
2026-01-02 05:00:00,IOT-002,GPS tracker,Lagos Hub,353,2,25.3,54.5,43.0,52.7,0
2026-01-02 05:10:00,IOT-028,GPS tracker,Dallas Route,369,2,40.3,53.4,35.0,94.0,0
2026-01-02 05:20:00,IOT-023,GPS tracker,Dallas Route,386,0,57.0,58.3,40.6,90.4,0
2026-01-02 05:30:00,IOT-037,GPS tracker,Warehouse A,428,2,39.4,69.5,49.7,89.9,0
2026-01-02 05:40:00,IOT-032,Warehouse gateway,Warehouse A,457,0,52.7,63.8,38.4,80.0,0
2026-01-02 05:50:00,IOT-033,Temperature node,Lagos Hub,513,0,42.7,44.2,37.8,88.3,0
2026-01-02 06:00:00,IOT-001,Smart camera,Lagos Hub,373,1,48.9,68.8,21.3,112.1,0
2026-01-02 06:10:00,IOT-019,Smart camera,Port Terminal,305,0,31.2,58.1,11.3,74.3,0
2026-01-02 06:20:00,IOT-002,GPS tracker,Warehouse A,644,0,46.0,61.9,38.5,82.8,0
2026-01-02 06:30:00,IOT-026,GPS tracker,Little Rock DC,348,3,9.1,69.7,34.1,58.3,0
2026-01-02 06:40:00,IOT-032,Cold-chain sensor,Dallas Route,525,1,42.8,43.9,30.4,62.6,0
2026-01-02 06:50:00,IOT-006,Temperature node,Lagos Hub,452,0,25.4,54.6,37.2,82.0,0
2026-01-02 07:00:00,IOT-032,Warehouse gateway,Dallas Route,472,3,59.5,49.7,34.5,102.1,0
2026-01-02 07:10:00,IOT-004,Smart camera,Dallas Route,449,1,54.3,39.3,45.2,74.9,0
2026-01-02 07:20:00,IOT-011,Cold-chain sensor,Port Terminal,415,2,50.6,58.5,35.8,75.3,0
2026-01-02 07:30:00,IOT-017,Cold-chain sensor,Warehouse A,491,2,63.3,80.1,28.3,71.9,0
2026-01-02 07:40:00,IOT-038,Smart camera,Lagos Hub,410,1,33.6,36.6,43.9,69.3,0
2026-01-02 07:50:00,IOT-024,Warehouse gateway,Dallas Route,554,3,66.0,54.7,33.0,85.9,0
2026-01-02 08:00:00,IOT-005,Cold-chain sensor,Lagos Hub,501,1,56.2,61.4,39.7,50.1,0
2026-01-02 08:10:00,IOT-034,Cold-chain sensor,Little Rock DC,503,1,42.2,56.2,30.7,105.6,0
2026-01-02 08:20:00,IOT-006,Temperature node,Port Terminal,808,26,96.6,53.9,113.4,203.3,1
2026-01-02 08:30:00,IOT-022,Warehouse gateway,Little Rock DC,428,0,31.7,42.0,35.8,94.4,0
2026-01-02 08:40:00,IOT-011,Cold-chain sensor,Lagos Hub,343,1,35.1,57.3,35.1,54.6,0
2026-01-02 08:50:00,IOT-016,Warehouse gateway,Lagos Hub,418,1,37.7,47.4,39.3,93.4,0
2026-01-02 09:00:00,IOT-033,Smart camera,Warehouse A,356,0,38.7,33.1,32.6,93.4,0
2026-01-02 09:10:00,IOT-009,GPS tracker,Dallas Route,1704,24,98.4,66.9,44.3,191.7,1
2026-01-02 09:20:00,IOT-006,Cold-chain sensor,Dallas Route,454,0,59.7,64.6,31.1,60.1,0
2026-01-02 09:30:00,IOT-016,Temperature node,Little Rock DC,465,1,41.9,55.5,42.1,85.0,0
2026-01-02 09:40:00,IOT-029,Smart camera,Port Terminal,429,1,49.2,57.3,32.3,56.3,0
2026-01-02 09:50:00,IOT-003,Warehouse gateway,Dallas Route,467,0,38.2,65.7,32.8,74.9,0
2026-01-02 10:00:00,IOT-020,Smart camera,Warehouse A,671,1,23.2,57.2,43.9,100.6,0
2026-01-02 10:10:00,IOT-036,Cold-chain sensor,Little Rock DC,844,29,82.0,64.0,91.9,182.1,1
2026-01-02 10:20:00,IOT-019,Warehouse gateway,Little Rock DC,782,24,81.9,52.0,70.1,200.7,1
2026-01-02 10:30:00,IOT-026,GPS tracker,Warehouse A,497,1,44.2,68.1,33.6,60.5,0
2026-01-02 10:40:00,IOT-003,Smart camera,Port Terminal,222,3,28.6,58.2,30.6,92.9,0
2026-01-02 10:50:00,IOT-019,Cold-chain sensor,Warehouse A,455,2,68.8,56.9,26.3,80.4,0
2026-01-02 11:00:00,IOT-020,Temperature node,Port Terminal,416,2,55.9,42.3,33.4,33.6,0
2026-01-02 11:10:00,IOT-032,Warehouse gateway,Warehouse A,360,2,46.3,57.9,39.4,95.7,0
2026-01-02 11:20:00,IOT-007,Smart camera,Warehouse A,495,0,60.2,46.7,34.9,79.5,0
2026-01-02 11:30:00,IOT-033,Smart camera,Lagos Hub,454,5,34.8,48.6,37.8,104.0,0
2026-01-02 11:40:00,IOT-040,GPS tracker,Little Rock DC,287,0,51.5,46.8,51.3,58.1,0
2026-01-02 11:50:00,IOT-039,GPS tracker,Warehouse A,391,0,47.4,44.3,31.9,16.5,0
2026-01-02 12:00:00,IOT-018,Temperature node,Warehouse A,190,2,48.2,76.2,37.5,85.6,0
2026-01-02 12:10:00,IOT-040,Temperature node,Dallas Route,476,2,60.3,68.3,30.4,85.8,0
2026-01-02 12:20:00,IOT-001,Cold-chain sensor,Little Rock DC,1900,13,85.0,74.2,95.2,125.6,1
2026-01-02 12:30:00,IOT-011,Cold-chain sensor,Dallas Route,378,0,48.5,42.8,29.7,60.4,0
2026-01-02 12:40:00,IOT-028,Temperature node,Little Rock DC,996,18,89.1,55.7,123.2,385.5,1
2026-01-02 12:50:00,IOT-025,Temperature node,Dallas Route,334,0,33.5,42.1,38.2,73.9,0
2026-01-02 13:00:00,IOT-023,Warehouse gateway,Warehouse A,363,2,43.5,48.0,56.1,94.6,0
2026-01-02 13:10:00,IOT-031,GPS tracker,Warehouse A,487,1,46.1,45.8,28.6,67.0,0
2026-01-02 13:20:00,IOT-030,Cold-chain sensor,Lagos Hub,388,2,31.4,67.4,31.3,38.2,0
2026-01-02 13:30:00,IOT-035,GPS tracker,Dallas Route,444,0,73.9,51.0,34.4,76.6,0
2026-01-02 13:40:00,IOT-007,GPS tracker,Port Terminal,399,2,63.2,65.7,38.6,74.7,0
2026-01-02 13:50:00,IOT-016,Temperature node,Lagos Hub,413,0,52.2,61.0,37.4,72.0,0
2026-01-02 14:00:00,IOT-026,Warehouse gateway,Dallas Route,416,2,45.9,78.0,46.6,77.7,0
2026-01-02 14:10:00,IOT-002,Smart camera,Dallas Route,386,1,42.5,40.2,13.2,85.3,0
2026-01-02 14:20:00,IOT-001,Warehouse gateway,Lagos Hub,477,1,33.6,67.6,13.5,77.0,0
2026-01-02 14:30:00,IOT-012,Warehouse gateway,Warehouse A,786,20,88.8,66.5,82.7,142.3,1
2026-01-02 14:40:00,IOT-005,GPS tracker,Dallas Route,451,1,48.1,45.3,44.9,89.7,0
2026-01-02 14:50:00,IOT-037,Warehouse gateway,Warehouse A,1152,15,86.8,65.1,74.9,114.1,1
2026-01-02 15:00:00,IOT-032,Cold-chain sensor,Lagos Hub,311,1,49.0,58.4,7.9,39.0,0
2026-01-02 15:10:00,IOT-009,GPS tracker,Warehouse A,532,1,43.1,52.7,40.1,94.8,0
2026-01-02 15:20:00,IOT-035,Cold-chain sensor,Little Rock DC,1482,17,89.2,46.8,95.0,184.0,1
2026-01-02 15:30:00,IOT-019,Smart camera,Port Terminal,655,0,34.7,47.8,25.2,78.9,0
2026-01-02 15:40:00,IOT-016,GPS tracker,Dallas Route,356,0,40.0,75.5,26.1,52.1,0
2026-01-02 15:50:00,IOT-003,Smart camera,Port Terminal,431,1,67.7,55.0,26.3,65.8,0
2026-01-02 16:00:00,IOT-020,GPS tracker,Warehouse A,438,1,51.7,62.8,36.0,74.7,0
2026-01-02 16:10:00,IOT-024,Temperature node,Dallas Route,539,1,29.0,47.1,29.4,48.1,0
2026-01-02 16:20:00,IOT-033,Warehouse gateway,Warehouse A,1616,22,81.9,47.2,123.3,127.7,1
2026-01-02 16:30:00,IOT-024,Temperature node,Little Rock DC,344,1,26.4,65.8,9.3,93.0,0
2026-01-02 16:40:00,IOT-011,Smart camera,Lagos Hub,558,4,58.0,41.5,27.3,108.5,0
2026-01-02 16:50:00,IOT-008,Warehouse gateway,Dallas Route,421,0,39.3,50.8,24.9,71.6,0
2026-01-02 17:00:00,IOT-036,GPS tracker,Little Rock DC,529,2,43.9,55.3,32.7,95.1,0
2026-01-02 17:10:00,IOT-038,Warehouse gateway,Little Rock DC,518,0,60.9,56.1,30.2,41.7,0
2026-01-02 17:20:00,IOT-040,Cold-chain sensor,Dallas Route,447,0,29.6,53.2,42.2,93.2,0
2026-01-02 17:30:00,IOT-020,Warehouse gateway,Warehouse A,434,0,28.2,59.0,18.3,63.9,0
2026-01-02 17:40:00,IOT-035,Cold-chain sensor,Little Rock DC,1242,20,92.4,61.9,105.2,214.4,1
2026-01-02 17:50:00,IOT-025,Warehouse gateway,Port Terminal,448,1,57.5,62.3,40.0,75.0,0
2026-01-02 18:00:00,IOT-035,Cold-chain sensor,Little Rock DC,527,0,26.8,45.1,51.7,106.4,0
2026-01-02 18:10:00,IOT-025,Smart camera,Warehouse A,378,3,11.0,52.2,30.7,62.5,0
2026-01-02 18:20:00,IOT-029,Temperature node,Warehouse A,459,3,39.6,66.9,37.9,92.6,0
2026-01-02 18:30:00,IOT-018,GPS tracker,Port Terminal,349,1,51.6,63.9,18.8,74.4,0
2026-01-02 18:40:00,IOT-018,Warehouse gateway,Little Rock DC,360,0,59.4,41.3,13.5,76.8,0
2026-01-02 18:50:00,IOT-002,Temperature node,Warehouse A,447,0,39.4,58.5,42.6,76.3,0
2026-01-02 19:00:00,IOT-035,GPS tracker,Dallas Route,273,0,40.1,35.2,34.9,63.1,0
2026-01-02 19:10:00,IOT-016,GPS tracker,Lagos Hub,635,2,58.8,55.5,45.6,79.7,0
2026-01-02 19:20:00,IOT-036,Cold-chain sensor,Lagos Hub,342,0,22.6,74.0,22.6,78.7,0
2026-01-02 19:30:00,IOT-033,Smart camera,Lagos Hub,446,6,40.3,45.5,39.7,84.8,0
2026-01-02 19:40:00,IOT-004,Smart camera,Little Rock DC,555,1,47.3,46.7,51.8,81.7,0
2026-01-02 19:50:00,IOT-033,Temperature node,Port Terminal,372,0,50.4,62.6,38.8,96.0,0
2026-01-02 20:00:00,IOT-014,Smart camera,Warehouse A,242,0,38.9,39.6,37.5,98.5,0
2026-01-02 20:10:00,IOT-021,Warehouse gateway,Dallas Route,409,2,45.4,48.7,35.1,59.0,0
2026-01-02 20:20:00,IOT-020,Smart camera,Dallas Route,371,0,15.1,61.0,20.9,97.4,0
2026-01-02 20:30:00,IOT-008,Temperature node,Little Rock DC,245,2,37.1,48.7,47.2,56.3,0
2026-01-02 20:40:00,IOT-007,Smart camera,Lagos Hub,475,1,50.4,52.6,29.5,91.8,0
2026-01-02 20:50:00,IOT-003,Warehouse gateway,Little Rock DC,468,2,33.2,62.4,39.5,92.4,0
2026-01-02 21:00:00,IOT-017,Cold-chain sensor,Port Terminal,552,2,45.7,59.2,20.9,41.8,0
2026-01-02 21:10:00,IOT-033,Temperature node,Port Terminal,349,0,50.4,57.7,24.4,81.9,0
2026-01-02 21:20:00,IOT-012,Cold-chain sensor,Warehouse A,306,0,40.9,51.6,47.9,70.6,0
2026-01-02 21:30:00,IOT-022,Cold-chain sensor,Warehouse A,1239,16,96.6,58.7,143.3,145.6,1
2026-01-02 21:40:00,IOT-022,Cold-chain sensor,Port Terminal,442,1,33.4,53.8,48.1,107.0,0
2026-01-02 21:50:00,IOT-030,GPS tracker,Port Terminal,1064,16,82.8,59.6,143.6,169.9,1
2026-01-02 22:00:00,IOT-038,GPS tracker,Port Terminal,576,2,52.3,50.0,18.4,63.9,0
2026-01-02 22:10:00,IOT-038,Cold-chain sensor,Little Rock DC,559,2,46.9,53.2,43.0,81.5,0
2026-01-02 22:20:00,IOT-008,Temperature node,Port Terminal,474,0,38.0,45.1,29.7,93.7,0
2026-01-02 22:30:00,IOT-027,Warehouse gateway,Dallas Route,521,2,47.7,54.6,41.3,77.2,0
2026-01-02 22:40:00,IOT-027,Warehouse gateway,Lagos Hub,392,1,53.6,46.9,35.2,103.3,0
2026-01-02 22:50:00,IOT-034,Smart camera,Port Terminal,465,0,20.4,43.9,21.1,90.6,0
2026-01-02 23:00:00,IOT-021,Temperature node,Lagos Hub,1368,23,96.3,57.6,101.3,107.3,1
2026-01-02 23:10:00,IOT-030,GPS tracker,Little Rock DC,1365,22,98.3,57.1,155.8,200.0,1
2026-01-02 23:20:00,IOT-033,Cold-chain sensor,Lagos Hub,457,4,50.1,62.8,39.4,68.8,0
2026-01-02 23:30:00,IOT-028,Smart camera,Little Rock DC,604,1,59.4,50.7,34.5,89.6,0
2026-01-02 23:40:00,IOT-033,Warehouse gateway,Dallas Route,429,5,28.5,59.1,44.7,27.5,0
2026-01-02 23:50:00,IOT-005,GPS tracker,Little Rock DC,458,1,36.5,60.5,36.9,131.0,0
2026-01-03 00:00:00,IOT-019,GPS tracker,Little Rock DC,471,0,41.5,59.4,36.9,90.6,0
2026-01-03 00:10:00,IOT-004,Cold-chain sensor,Warehouse A,409,2,35.6,46.7,25.2,83.0,0
2026-01-03 00:20:00,IOT-035,Warehouse gateway,Port Terminal,377,6,65.8,56.5,37.1,103.6,0
2026-01-03 00:30:00,IOT-017,Temperature node,Port Terminal,566,0,34.7,58.6,44.3,126.9,0
2026-01-03 00:40:00,IOT-028,GPS tracker,Dallas Route,361,2,38.3,55.1,27.5,97.4,0
2026-01-03 00:50:00,IOT-030,Cold-chain sensor,Dallas Route,330,2,47.5,34.1,47.8,99.0,0
2026-01-03 01:00:00,IOT-029,Temperature node,Port Terminal,511,2,30.6,56.6,34.2,82.6,0
2026-01-03 01:10:00,IOT-006,Warehouse gateway,Warehouse A,554,0,40.3,77.1,27.0,77.2,0
2026-01-03 01:20:00,IOT-035,GPS tracker,Port Terminal,1227,24,94.4,51.4,159.9,154.6,1
2026-01-03 01:30:00,IOT-037,Temperature node,Warehouse A,410,2,41.0,47.7,32.4,63.5,0
2026-01-03 01:40:00,IOT-024,Temperature node,Dallas Route,475,1,43.9,58.7,41.8,66.3,0
2026-01-03 01:50:00,IOT-029,Temperature node,Lagos Hub,386,1,38.6,58.1,32.4,53.0,0
2026-01-03 02:00:00,IOT-031,GPS tracker,Dallas Route,379,1,26.8,66.9,34.5,78.5,0
2026-01-03 02:10:00,IOT-035,GPS tracker,Dallas Route,529,1,48.9,42.4,39.4,46.3,0
2026-01-03 02:20:00,IOT-033,Smart camera,Little Rock DC,504,2,66.1,62.3,37.6,83.8,0
2026-01-03 02:30:00,IOT-021,Warehouse gateway,Little Rock DC,568,0,45.2,60.9,17.0,79.3,0
2026-01-03 02:40:00,IOT-032,Cold-chain sensor,Little Rock DC,337,3,47.7,53.6,24.9,82.9,0
2026-01-03 02:50:00,IOT-023,Temperature node,Little Rock DC,404,1,53.3,58.4,43.4,69.6,0
2026-01-03 03:00:00,IOT-033,Smart camera,Warehouse A,475,1,29.8,65.3,33.8,141.5,0
2026-01-03 03:10:00,IOT-003,Cold-chain sensor,Port Terminal,366,3,65.4,63.7,30.3,107.2,0
2026-01-03 03:20:00,IOT-018,Smart camera,Lagos Hub,1014,9,88.3,43.6,93.3,117.7,1
2026-01-03 03:30:00,IOT-025,GPS tracker,Dallas Route,560,1,64.6,63.2,25.3,84.7,0
2026-01-03 03:40:00,IOT-031,Temperature node,Warehouse A,397,1,36.2,54.4,16.8,67.8,0
2026-01-03 03:50:00,IOT-003,Cold-chain sensor,Lagos Hub,453,0,66.8,55.7,34.1,59.7,0
2026-01-03 04:00:00,IOT-040,Cold-chain sensor,Warehouse A,581,1,54.3,55.7,29.6,53.2,0
2026-01-03 04:10:00,IOT-024,Cold-chain sensor,Warehouse A,611,1,51.6,53.5,26.3,88.6,0
2026-01-03 04:20:00,IOT-032,Cold-chain sensor,Dallas Route,517,0,47.8,66.9,34.4,66.4,0
2026-01-03 04:30:00,IOT-022,Cold-chain sensor,Port Terminal,503,0,42.0,54.2,38.3,99.4,0
2026-01-03 04:40:00,IOT-023,Smart camera,Little Rock DC,1492,26,96.2,43.8,133.4,220.0,1
2026-01-03 04:50:00,IOT-002,Temperature node,Port Terminal,482,1,46.7,51.1,21.4,107.5,0
2026-01-03 05:00:00,IOT-027,GPS tracker,Dallas Route,500,2,21.4,56.8,45.4,63.0,0
2026-01-03 05:10:00,IOT-002,GPS tracker,Dallas Route,431,1,31.6,67.3,43.8,89.5,0
2026-01-03 05:20:00,IOT-026,GPS tracker,Dallas Route,396,1,42.8,61.0,28.0,92.6,0
2026-01-03 05:30:00,IOT-017,GPS tracker,Lagos Hub,334,2,48.7,46.5,36.8,70.5,0
2026-01-03 05:40:00,IOT-040,Smart camera,Port Terminal,293,2,44.3,79.9,30.9,64.6,0
2026-01-03 05:50:00,IOT-033,Warehouse gateway,Port Terminal,274,1,59.6,57.6,36.7,112.2,0
2026-01-03 06:00:00,IOT-009,Temperature node,Warehouse A,502,0,21.6,67.8,48.6,84.5,0
2026-01-03 06:10:00,IOT-039,Cold-chain sensor,Warehouse A,463,1,46.7,53.5,40.5,92.7,0
2026-01-03 06:20:00,IOT-029,Warehouse gateway,Warehouse A,406,1,23.2,60.3,39.6,63.6,0
2026-01-03 06:30:00,IOT-026,GPS tracker,Dallas Route,420,0,54.1,63.4,31.1,55.6,0
2026-01-03 06:40:00,IOT-035,Warehouse gateway,Port Terminal,468,0,43.9,67.2,21.6,68.6,0
2026-01-03 06:50:00,IOT-025,Temperature node,Dallas Route,435,0,50.0,65.6,33.1,77.5,0
2026-01-03 07:00:00,IOT-024,Cold-chain sensor,Lagos Hub,329,2,34.6,63.7,45.9,58.7,0
2026-01-03 07:10:00,IOT-013,Cold-chain sensor,Warehouse A,532,2,60.4,51.8,21.3,79.8,0
2026-01-03 07:20:00,IOT-007,Temperature node,Dallas Route,477,3,57.5,49.3,25.5,46.2,0
2026-01-03 07:30:00,IOT-036,Temperature node,Dallas Route,473,2,52.0,58.3,36.1,57.6,0
2026-01-03 07:40:00,IOT-020,GPS tracker,Lagos Hub,525,1,43.4,64.3,26.1,93.4,0
2026-01-03 07:50:00,IOT-001,Cold-chain sensor,Little Rock DC,376,0,52.0,52.8,27.9,92.1,0
2026-01-03 08:00:00,IOT-008,Warehouse gateway,Port Terminal,559,1,36.5,65.7,31.2,72.2,0
2026-01-03 08:10:00,IOT-016,Smart camera,Little Rock DC,437,1,55.3,69.5,22.7,59.6,0
2026-01-03 08:20:00,IOT-014,Smart camera,Warehouse A,529,0,64.8,45.8,26.2,59.5,0
2026-01-03 08:30:00,IOT-012,Temperature node,Dallas Route,516,1,57.8,46.6,41.3,72.5,0
2026-01-03 08:40:00,IOT-023,GPS tracker,Lagos Hub,356,1,36.2,53.6,23.2,92.9,0
2026-01-03 08:50:00,IOT-015,Smart camera,Lagos Hub,495,0,49.3,58.1,20.6,98.6,0
2026-01-03 09:00:00,IOT-028,Cold-chain sensor,Port Terminal,479,0,29.5,49.8,29.3,70.1,0
2026-01-03 09:10:00,IOT-034,Temperature node,Little Rock DC,452,2,51.9,68.5,41.6,56.9,0
2026-01-03 09:20:00,IOT-002,Warehouse gateway,Port Terminal,441,3,50.4,59.2,33.2,85.4,0
2026-01-03 09:30:00,IOT-032,Temperature node,Dallas Route,442,1,22.6,55.4,30.8,63.5,0
2026-01-03 09:40:00,IOT-023,Warehouse gateway,Port Terminal,523,2,31.1,40.6,35.4,69.6,0
2026-01-03 09:50:00,IOT-022,Temperature node,Lagos Hub,502,2,41.6,41.8,19.3,106.5,0
2026-01-03 10:00:00,IOT-025,Temperature node,Lagos Hub,452,2,41.4,57.8,39.5,96.5,0
2026-01-03 10:10:00,IOT-022,Temperature node,Warehouse A,315,2,30.5,33.7,38.5,83.2,0
2026-01-03 10:20:00,IOT-022,Warehouse gateway,Warehouse A,494,2,49.7,65.1,31.3,54.6,0
2026-01-03 10:30:00,IOT-006,Warehouse gateway,Dallas Route,515,3,48.0,53.4,44.1,84.2,0
2026-01-03 10:40:00,IOT-015,Temperature node,Little Rock DC,657,0,42.7,87.4,24.9,101.3,0
2026-01-03 10:50:00,IOT-037,Smart camera,Port Terminal,546,1,35.9,78.1,45.2,72.5,0
2026-01-03 11:00:00,IOT-033,GPS tracker,Dallas Route,279,2,57.6,53.2,36.4,107.0,0
2026-01-03 11:10:00,IOT-008,GPS tracker,Warehouse A,457,1,64.9,53.9,32.0,105.9,0
2026-01-03 11:20:00,IOT-005,GPS tracker,Port Terminal,2452,12,81.6,65.0,109.0,284.1,1
2026-01-03 11:30:00,IOT-039,Warehouse gateway,Warehouse A,506,2,37.7,72.0,34.0,86.1,0
2026-01-03 11:40:00,IOT-004,Warehouse gateway,Port Terminal,958,19,88.0,38.6,123.6,270.5,1
2026-01-03 11:50:00,IOT-006,Smart camera,Little Rock DC,531,1,40.7,37.1,25.3,108.3,0
2026-01-03 12:00:00,IOT-032,GPS tracker,Dallas Route,393,1,43.3,48.8,28.1,88.9,0
2026-01-03 12:10:00,IOT-030,GPS tracker,Port Terminal,493,4,53.9,60.8,44.3,70.0,0
2026-01-03 12:20:00,IOT-035,Temperature node,Lagos Hub,427,2,22.1,60.0,29.6,71.0,0
2026-01-03 12:30:00,IOT-040,Warehouse gateway,Lagos Hub,448,0,60.8,65.7,43.1,84.8,0
2026-01-03 12:40:00,IOT-016,GPS tracker,Port Terminal,524,2,45.9,43.0,50.3,54.2,0
2026-01-03 12:50:00,IOT-013,Smart camera,Port Terminal,366,0,40.1,31.8,31.4,77.1,0
2026-01-03 13:00:00,IOT-030,Smart camera,Port Terminal,2260,22,89.3,63.6,115.2,277.0,1
2026-01-03 13:10:00,IOT-019,GPS tracker,Lagos Hub,411,2,44.5,46.7,24.6,36.2,0
2026-01-03 13:20:00,IOT-017,Warehouse gateway,Lagos Hub,473,0,24.2,34.8,41.8,110.7,0
2026-01-03 13:30:00,IOT-019,Smart camera,Port Terminal,323,4,62.9,56.5,36.8,102.4,0
2026-01-03 13:40:00,IOT-028,Temperature node,Warehouse A,514,3,45.5,62.9,39.3,70.8,0
2026-01-03 13:50:00,IOT-026,Smart camera,Warehouse A,580,2,50.3,53.8,29.2,90.9,0
2026-01-03 14:00:00,IOT-037,Cold-chain sensor,Little Rock DC,403,0,56.4,50.4,20.1,80.1,0
2026-01-03 14:10:00,IOT-026,Cold-chain sensor,Dallas Route,350,1,32.7,53.4,39.5,104.6,0
2026-01-03 14:20:00,IOT-023,Warehouse gateway,Warehouse A,475,1,50.7,51.3,16.4,99.7,0
2026-01-03 14:30:00,IOT-009,GPS tracker,Lagos Hub,580,3,41.8,41.5,32.1,52.0,0
2026-01-03 14:40:00,IOT-012,Warehouse gateway,Warehouse A,319,2,55.2,47.9,43.5,91.7,0
2026-01-03 14:50:00,IOT-001,Warehouse gateway,Little Rock DC,350,1,19.5,60.2,36.7,75.9,0
2026-01-03 15:00:00,IOT-001,Warehouse gateway,Little Rock DC,409,1,43.8,58.2,52.5,81.7,0
2026-01-03 15:10:00,IOT-034,Warehouse gateway,Dallas Route,376,1,37.8,56.7,44.2,65.4,0
2026-01-03 15:20:00,IOT-032,Temperature node,Warehouse A,376,1,50.2,45.0,29.1,115.0,0
2026-01-03 15:30:00,IOT-025,Temperature node,Lagos Hub,261,1,50.6,53.2,35.2,100.8,0
2026-01-03 15:40:00,IOT-040,Smart camera,Lagos Hub,503,1,36.5,33.2,34.6,65.2,0
2026-01-03 15:50:00,IOT-001,Cold-chain sensor,Port Terminal,480,0,36.5,56.8,20.8,53.3,0
2026-01-03 16:00:00,IOT-016,Warehouse gateway,Lagos Hub,297,1,43.7,69.3,26.5,72.3,0
2026-01-03 16:10:00,IOT-039,Smart camera,Dallas Route,581,1,34.2,40.3,30.0,88.7,0
2026-01-03 16:20:00,IOT-005,Cold-chain sensor,Dallas Route,601,1,55.1,49.1,16.7,84.8,0
2026-01-03 16:30:00,IOT-022,GPS tracker,Lagos Hub,382,2,40.6,58.3,35.4,105.1,0
2026-01-03 16:40:00,IOT-029,Temperature node,Lagos Hub,554,2,10.1,67.5,32.8,95.8,0
2026-01-03 16:50:00,IOT-003,Cold-chain sensor,Port Terminal,398,2,40.5,50.5,19.9,99.4,0
2026-01-03 17:00:00,IOT-012,GPS tracker,Lagos Hub,466,0,32.5,48.1,38.6,86.5,0
2026-01-03 17:10:00,IOT-026,Cold-chain sensor,Port Terminal,374,0,25.4,35.3,41.4,52.2,0
2026-01-03 17:20:00,IOT-016,Temperature node,Port Terminal,649,2,30.2,56.0,37.0,76.1,0
2026-01-03 17:30:00,IOT-037,Temperature node,Lagos Hub,423,1,46.3,75.4,32.1,101.2,0
2026-01-03 17:40:00,IOT-022,Smart camera,Little Rock DC,461,1,60.9,57.8,40.3,79.0,0
2026-01-03 17:50:00,IOT-029,Warehouse gateway,Little Rock DC,388,1,48.8,54.8,41.1,90.1,0
2026-01-03 18:00:00,IOT-014,Cold-chain sensor,Port Terminal,2468,11,81.4,58.2,169.6,207.9,1
2026-01-03 18:10:00,IOT-028,Cold-chain sensor,Lagos Hub,619,1,50.5,54.9,27.6,59.4,0
2026-01-03 18:20:00,IOT-005,GPS tracker,Little Rock DC,596,0,39.5,46.9,37.5,77.5,0
2026-01-03 18:30:00,IOT-030,Temperature node,Lagos Hub,536,0,36.7,63.2,45.8,86.2,0
2026-01-03 18:40:00,IOT-005,Cold-chain sensor,Lagos Hub,393,1,31.1,57.3,29.6,66.9,0
2026-01-03 18:50:00,IOT-012,Temperature node,Lagos Hub,524,0,24.0,55.2,53.9,75.3,0
2026-01-03 19:00:00,IOT-016,Cold-chain sensor,Warehouse A,449,3,40.3,45.2,30.3,61.2,0
2026-01-03 19:10:00,IOT-026,Smart camera,Lagos Hub,568,0,46.9,68.0,35.3,102.4,0
2026-01-03 19:20:00,IOT-026,Warehouse gateway,Warehouse A,550,1,43.8,61.6,28.9,74.1,0
2026-01-03 19:30:00,IOT-021,Cold-chain sensor,Port Terminal,391,0,40.0,49.5,37.0,109.1,0
2026-01-03 19:40:00,IOT-039,Temperature node,Little Rock DC,535,2,33.7,65.0,19.3,110.6,0
2026-01-03 19:50:00,IOT-036,Smart camera,Little Rock DC,511,0,52.3,50.0,30.1,78.4,0
2026-01-03 20:00:00,IOT-033,Cold-chain sensor,Little Rock DC,200,0,29.2,47.2,25.2,59.8,0
2026-01-03 20:10:00,IOT-030,GPS tracker,Little Rock DC,1566,28,97.4,47.4,76.3,73.0,1
2026-01-03 20:20:00,IOT-037,Warehouse gateway,Little Rock DC,411,2,33.0,37.3,44.0,50.6,0
2026-01-03 20:30:00,IOT-023,Cold-chain sensor,Little Rock DC,370,1,36.0,59.7,40.8,52.5,0
2026-01-03 20:40:00,IOT-010,Smart camera,Little Rock DC,374,3,27.4,36.7,13.7,107.6,0
2026-01-03 20:50:00,IOT-005,GPS tracker,Port Terminal,437,0,39.0,42.7,53.4,82.3,0
2026-01-03 21:00:00,IOT-036,Smart camera,Lagos Hub,493,3,56.7,34.2,37.7,87.8,0
2026-01-03 21:10:00,IOT-034,Smart camera,Dallas Route,654,26,85.6,54.1,77.7,79.3,1
2026-01-03 21:20:00,IOT-031,GPS tracker,Warehouse A,467,1,56.7,53.5,36.4,56.0,0
2026-01-03 21:30:00,IOT-010,Smart camera,Dallas Route,501,1,51.3,51.7,36.6,97.7,0
2026-01-03 21:40:00,IOT-019,GPS tracker,Dallas Route,617,2,31.8,44.6,29.0,85.7,0
2026-01-03 21:50:00,IOT-032,Cold-chain sensor,Lagos Hub,353,1,41.0,43.3,36.8,77.1,0
2026-01-03 22:00:00,IOT-001,GPS tracker,Lagos Hub,1672,10,80.2,59.6,130.6,220.4,1
2026-01-03 22:10:00,IOT-005,GPS tracker,Lagos Hub,473,0,61.0,49.5,31.4,112.7,0
2026-01-03 22:20:00,IOT-004,Warehouse gateway,Little Rock DC,553,1,30.6,58.2,28.8,75.6,0
2026-01-03 22:30:00,IOT-016,GPS tracker,Port Terminal,422,2,55.7,46.1,22.1,81.4,0
2026-01-03 22:40:00,IOT-024,GPS tracker,Little Rock DC,557,0,55.7,56.8,36.3,83.9,0
2026-01-03 22:50:00,IOT-016,Cold-chain sensor,Port Terminal,275,2,67.0,68.0,40.3,127.8,0
2026-01-03 23:00:00,IOT-002,Warehouse gateway,Port Terminal,337,2,40.1,60.9,39.6,38.0,0
2026-01-03 23:10:00,IOT-028,Temperature node,Dallas Route,481,0,53.5,50.9,42.4,93.7,0
2026-01-03 23:20:00,IOT-032,Cold-chain sensor,Dallas Route,323,1,72.4,57.6,37.9,77.7,0
2026-01-03 23:30:00,IOT-027,Cold-chain sensor,Port Terminal,344,0,37.6,52.6,30.2,91.3,0
2026-01-03 23:40:00,IOT-020,Temperature node,Port Terminal,402,2,26.6,55.1,42.6,66.9,0
2026-01-03 23:50:00,IOT-024,GPS tracker,Little Rock DC,519,0,22.4,51.7,22.8,79.0,0
2026-01-04 00:00:00,IOT-012,Smart camera,Little Rock DC,279,0,53.6,53.4,26.9,94.2,0
2026-01-04 00:10:00,IOT-035,Warehouse gateway,Dallas Route,465,0,22.4,57.1,26.3,142.3,0
2026-01-04 00:20:00,IOT-033,Smart camera,Lagos Hub,542,0,40.5,45.1,44.7,96.2,0
2026-01-04 00:30:00,IOT-033,Temperature node,Port Terminal,432,0,50.2,44.8,43.5,63.0,0
2026-01-04 00:40:00,IOT-037,Cold-chain sensor,Little Rock DC,416,2,47.2,41.1,39.4,71.5,0
2026-01-04 00:50:00,IOT-012,Cold-chain sensor,Dallas Route,972,21,95.3,39.0,138.0,128.7,1
2026-01-04 01:00:00,IOT-003,Warehouse gateway,Little Rock DC,432,5,47.7,42.8,27.1,44.1,0
2026-01-04 01:10:00,IOT-001,Cold-chain sensor,Port Terminal,575,0,60.3,56.6,38.1,73.4,0
2026-01-04 01:20:00,IOT-033,Cold-chain sensor,Port Terminal,349,3,33.6,46.1,33.9,94.7,0
2026-01-04 01:30:00,IOT-040,Warehouse gateway,Warehouse A,1780,9,90.4,60.1,162.4,144.8,1
2026-01-04 01:40:00,IOT-010,Warehouse gateway,Lagos Hub,468,2,35.7,55.3,34.0,101.0,0
2026-01-04 01:50:00,IOT-029,Temperature node,Warehouse A,415,1,55.0,35.3,31.5,89.8,0
2026-01-04 02:00:00,IOT-013,Cold-chain sensor,Dallas Route,191,2,55.8,61.5,39.9,65.3,0
2026-01-04 02:10:00,IOT-012,Cold-chain sensor,Little Rock DC,435,2,50.4,63.1,42.9,77.2,0
2026-01-04 02:20:00,IOT-031,Temperature node,Dallas Route,531,0,59.2,45.1,29.0,112.0,0
2026-01-04 02:30:00,IOT-002,GPS tracker,Port Terminal,520,2,30.9,59.2,34.5,94.7,0
2026-01-04 02:40:00,IOT-035,GPS tracker,Warehouse A,481,2,65.0,46.4,25.5,80.2,0
2026-01-04 02:50:00,IOT-023,GPS tracker,Warehouse A,351,1,63.3,56.0,12.5,75.2,0
2026-01-04 03:00:00,IOT-017,Temperature node,Warehouse A,1455,22,87.6,42.4,158.7,213.4,1
2026-01-04 03:10:00,IOT-026,Cold-chain sensor,Dallas Route,398,0,66.4,37.1,40.5,69.8,0
2026-01-04 03:20:00,IOT-008,Temperature node,Port Terminal,481,1,25.1,51.2,37.4,37.9,0
2026-01-04 03:30:00,IOT-029,Temperature node,Little Rock DC,460,2,38.7,53.8,17.5,120.8,0
2026-01-04 03:40:00,IOT-026,GPS tracker,Little Rock DC,362,2,36.2,51.0,31.8,83.1,0
2026-01-04 03:50:00,IOT-010,Smart camera,Dallas Route,369,0,53.7,43.2,15.0,88.0,0
2026-01-04 04:00:00,IOT-026,Cold-chain sensor,Warehouse A,481,0,32.4,51.0,47.3,78.8,0
2026-01-04 04:10:00,IOT-034,GPS tracker,Lagos Hub,860,25,94.4,57.7,79.5,207.5,1
2026-01-04 04:20:00,IOT-007,Smart camera,Dallas Route,374,0,61.4,54.6,46.3,76.3,0
2026-01-04 04:30:00,IOT-004,Smart camera,Dallas Route,366,0,53.3,56.8,43.5,48.0,0
2026-01-04 04:40:00,IOT-011,Warehouse gateway,Port Terminal,422,4,48.4,48.3,26.9,125.5,0
2026-01-04 04:50:00,IOT-029,Cold-chain sensor,Little Rock DC,591,0,33.1,66.7,24.8,55.3,0
2026-01-04 05:00:00,IOT-036,Smart camera,Dallas Route,402,1,34.8,43.2,38.2,59.4,0
2026-01-04 05:10:00,IOT-025,GPS tracker,Dallas Route,448,1,60.0,59.9,27.4,71.2,0
2026-01-04 05:20:00,IOT-021,Warehouse gateway,Warehouse A,459,1,54.4,66.8,35.9,105.8,0
2026-01-04 05:30:00,IOT-036,Cold-chain sensor,Warehouse A,348,2,44.5,59.8,30.7,80.3,0
2026-01-04 05:40:00,IOT-010,Temperature node,Lagos Hub,291,2,40.0,53.0,19.0,55.3,0
2026-01-04 05:50:00,IOT-037,GPS tracker,Port Terminal,357,1,20.7,49.7,14.9,105.1,0
2026-01-04 06:00:00,IOT-009,Smart camera,Lagos Hub,472,2,32.1,65.4,37.0,94.6,0
2026-01-04 06:10:00,IOT-024,Smart camera,Warehouse A,457,1,67.9,40.8,29.9,90.8,0
2026-01-04 06:20:00,IOT-035,GPS tracker,Little Rock DC,513,1,29.6,45.3,30.0,94.3,0
2026-01-04 06:30:00,IOT-035,Smart camera,Warehouse A,458,5,47.3,51.0,41.3,127.9,0
2026-01-04 06:40:00,IOT-036,Warehouse gateway,Port Terminal,440,1,57.1,67.4,45.6,123.7,0
2026-01-04 06:50:00,IOT-018,Cold-chain sensor,Warehouse A,395,1,29.9,58.8,32.5,66.3,0
2026-01-04 07:00:00,IOT-039,Warehouse gateway,Port Terminal,529,1,47.2,45.3,31.9,112.5,0
2026-01-04 07:10:00,IOT-032,Smart camera,Port Terminal,367,0,56.3,51.9,39.5,87.7,0
2026-01-04 07:20:00,IOT-024,Temperature node,Port Terminal,350,0,45.1,48.9,22.8,90.0,0
2026-01-04 07:30:00,IOT-023,Cold-chain sensor,Port Terminal,501,0,79.4,47.9,37.0,46.2,0
2026-01-04 07:40:00,IOT-032,Cold-chain sensor,Port Terminal,330,2,25.0,64.8,40.0,76.6,0
2026-01-04 07:50:00,IOT-037,GPS tracker,Little Rock DC,1334,19,90.4,41.3,115.9,145.6,1
2026-01-04 08:00:00,IOT-012,GPS tracker,Lagos Hub,457,0,42.9,71.1,17.6,96.6,0
2026-01-04 08:10:00,IOT-013,Temperature node,Dallas Route,481,0,54.3,63.3,28.1,101.4,0
2026-01-04 08:20:00,IOT-023,Cold-chain sensor,Lagos Hub,377,0,50.3,65.9,27.1,38.5,0
2026-01-04 08:30:00,IOT-025,Temperature node,Port Terminal,421,1,36.2,50.4,35.9,79.6,0
2026-01-04 08:40:00,IOT-035,GPS tracker,Little Rock DC,411,1,47.7,53.5,39.3,102.4,0
2026-01-04 08:50:00,IOT-030,GPS tracker,Warehouse A,401,0,22.7,40.7,48.5,76.3,0
2026-01-04 09:00:00,IOT-017,Cold-chain sensor,Little Rock DC,506,2,52.2,49.8,30.5,94.6,0
2026-01-04 09:10:00,IOT-020,Warehouse gateway,Port Terminal,409,0,48.6,59.9,30.5,87.0,0
2026-01-04 09:20:00,IOT-025,Smart camera,Little Rock DC,541,1,52.7,68.0,45.3,86.8,0
2026-01-04 09:30:00,IOT-022,GPS tracker,Little Rock DC,689,0,57.7,43.9,37.7,74.6,0
2026-01-04 09:40:00,IOT-013,GPS tracker,Port Terminal,423,3,49.4,51.3,46.4,55.7,0
2026-01-04 09:50:00,IOT-019,Warehouse gateway,Little Rock DC,463,1,46.8,53.5,37.6,57.6,0
2026-01-04 10:00:00,IOT-036,Warehouse gateway,Dallas Route,484,2,34.4,41.0,24.6,94.2,0
2026-01-04 10:10:00,IOT-012,Temperature node,Dallas Route,1226,26,82.0,60.9,84.2,242.0,1
2026-01-04 10:20:00,IOT-019,Temperature node,Little Rock DC,442,2,59.2,47.8,21.0,77.2,0
2026-01-04 10:30:00,IOT-012,Smart camera,Warehouse A,375,0,62.2,53.0,41.0,71.5,0
2026-01-04 10:40:00,IOT-009,Smart camera,Port Terminal,336,1,42.1,50.5,45.7,73.9,0
2026-01-04 10:50:00,IOT-007,Cold-chain sensor,Dallas Route,444,1,45.6,47.1,51.6,100.9,0
2026-01-04 11:00:00,IOT-028,Temperature node,Warehouse A,409,1,34.1,54.9,42.6,73.3,0
2026-01-04 11:10:00,IOT-014,GPS tracker,Little Rock DC,630,2,59.1,52.8,45.5,53.2,0
2026-01-04 11:20:00,IOT-031,Temperature node,Warehouse A,609,1,53.0,51.3,29.8,94.9,0
2026-01-04 11:30:00,IOT-019,GPS tracker,Lagos Hub,356,0,68.3,47.7,24.6,75.9,0
2026-01-04 11:40:00,IOT-016,Warehouse gateway,Dallas Route,386,1,34.5,58.2,42.7,80.6,0
2026-01-04 11:50:00,IOT-005,Temperature node,Little Rock DC,456,1,40.5,71.5,38.8,112.2,0
2026-01-04 12:00:00,IOT-035,Warehouse gateway,Port Terminal,575,2,47.8,56.4,36.0,79.6,0
2026-01-04 12:10:00,IOT-012,Smart camera,Little Rock DC,455,0,52.8,65.0,38.5,85.8,0
2026-01-04 12:20:00,IOT-025,Smart camera,Port Terminal,391,3,42.4,41.1,37.9,56.4,0
2026-01-04 12:30:00,IOT-021,Cold-chain sensor,Little Rock DC,444,2,34.5,56.6,46.6,75.6,0
2026-01-04 12:40:00,IOT-036,Temperature node,Warehouse A,393,2,55.6,44.0,46.7,92.2,0
2026-01-04 12:50:00,IOT-023,Warehouse gateway,Warehouse A,504,3,53.7,40.2,39.9,48.9,0
2026-01-04 13:00:00,IOT-016,GPS tracker,Warehouse A,386,2,34.0,47.6,42.6,84.0,0
2026-01-04 13:10:00,IOT-039,Smart camera,Lagos Hub,404,0,61.3,66.9,39.6,82.0,0
2026-01-04 13:20:00,IOT-039,Smart camera,Port Terminal,554,0,59.0,64.5,30.8,80.8,0
2026-01-04 13:30:00,IOT-014,GPS tracker,Warehouse A,380,2,46.6,57.4,41.8,100.7,0
2026-01-04 13:40:00,IOT-031,Warehouse gateway,Lagos Hub,319,1,46.0,39.7,22.4,86.7,0
2026-01-04 13:50:00,IOT-005,Warehouse gateway,Port Terminal,458,1,51.6,53.0,44.5,109.6,0
2026-01-04 14:00:00,IOT-035,Temperature node,Little Rock DC,417,2,34.7,58.0,24.2,60.1,0
2026-01-04 14:10:00,IOT-023,Temperature node,Lagos Hub,496,2,45.4,56.8,37.6,82.7,0
2026-01-04 14:20:00,IOT-029,Cold-chain sensor,Dallas Route,478,0,19.2,36.6,27.4,81.7,0
2026-01-04 14:30:00,IOT-011,Smart camera,Lagos Hub,447,1,55.5,46.1,40.0,58.6,0
2026-01-04 14:40:00,IOT-018,Temperature node,Lagos Hub,444,0,26.3,54.4,34.7,99.1,0
2026-01-04 14:50:00,IOT-012,Warehouse gateway,Port Terminal,383,1,63.0,60.4,20.6,126.5,0
2026-01-04 15:00:00,IOT-009,GPS tracker,Little Rock DC,457,3,41.0,33.0,38.8,79.7,0
2026-01-04 15:10:00,IOT-010,Warehouse gateway,Dallas Route,2116,18,94.0,53.4,133.7,240.9,1
2026-01-04 15:20:00,IOT-017,Smart camera,Warehouse A,362,2,37.5,56.4,42.9,81.7,0
2026-01-04 15:30:00,IOT-038,Warehouse gateway,Warehouse A,449,3,41.5,63.5,35.0,65.7,0
2026-01-04 15:40:00,IOT-007,Cold-chain sensor,Lagos Hub,543,3,62.0,61.9,38.6,43.6,0
2026-01-04 15:50:00,IOT-013,Smart camera,Port Terminal,1485,23,88.3,60.8,59.7,130.8,1
2026-01-04 16:00:00,IOT-040,GPS tracker,Port Terminal,567,3,60.3,47.0,29.7,52.2,0
2026-01-04 16:10:00,IOT-009,Cold-chain sensor,Warehouse A,398,0,49.1,35.9,30.9,114.1,0
2026-01-04 16:20:00,IOT-027,Smart camera,Dallas Route,1140,24,84.8,51.1,146.4,223.0,1
2026-01-04 16:30:00,IOT-002,GPS tracker,Little Rock DC,468,3,32.1,65.0,50.1,73.1,0
2026-01-04 16:40:00,IOT-005,Cold-chain sensor,Dallas Route,482,0,65.1,68.9,27.8,97.8,0
2026-01-04 16:50:00,IOT-029,Cold-chain sensor,Little Rock DC,573,2,33.7,62.1,44.7,57.6,0
2026-01-04 17:00:00,IOT-037,Smart camera,Warehouse A,556,0,31.2,59.3,15.5,64.7,0
2026-01-04 17:10:00,IOT-038,Temperature node,Little Rock DC,498,1,58.6,58.8,24.3,81.4,0
2026-01-04 17:20:00,IOT-019,Cold-chain sensor,Port Terminal,518,0,49.1,49.4,26.4,100.6,0
2026-01-04 17:30:00,IOT-008,Cold-chain sensor,Lagos Hub,432,2,33.7,53.7,22.8,90.0,0
2026-01-04 17:40:00,IOT-001,GPS tracker,Lagos Hub,1360,16,94.9,71.7,57.7,240.6,1
2026-01-04 17:50:00,IOT-022,Warehouse gateway,Warehouse A,460,0,32.7,45.6,38.7,81.6,0
2026-01-04 18:00:00,IOT-017,Smart camera,Port Terminal,538,1,58.2,71.1,33.1,88.0,0
2026-01-04 18:10:00,IOT-007,Smart camera,Dallas Route,509,3,57.7,51.8,38.4,84.0,0
2026-01-04 18:20:00,IOT-025,Temperature node,Port Terminal,2100,13,97.9,68.3,182.1,155.5,1
2026-01-04 18:30:00,IOT-004,Temperature node,Lagos Hub,411,2,49.3,40.9,37.4,80.9,0
2026-01-04 18:40:00,IOT-036,Smart camera,Lagos Hub,426,0,66.1,60.9,40.9,58.5,0
2026-01-04 18:50:00,IOT-006,Temperature node,Port Terminal,986,19,97.4,47.6,69.5,147.5,1
2026-01-04 19:00:00,IOT-031,GPS tracker,Port Terminal,400,1,30.8,40.8,24.3,70.4,0
2026-01-04 19:10:00,IOT-019,Smart camera,Lagos Hub,403,1,50.4,57.2,44.5,130.8,0
2026-01-04 19:20:00,IOT-039,Temperature node,Dallas Route,476,4,70.0,65.1,29.7,79.2,0
2026-01-04 19:30:00,IOT-027,Smart camera,Warehouse A,518,0,32.8,46.6,26.6,51.9,0
2026-01-04 19:40:00,IOT-010,Warehouse gateway,Warehouse A,432,1,40.7,40.0,33.4,77.3,0
2026-01-04 19:50:00,IOT-026,Cold-chain sensor,Port Terminal,345,1,50.0,54.1,26.8,90.4,0
2026-01-04 20:00:00,IOT-019,Smart camera,Warehouse A,383,0,44.4,54.1,31.2,113.5,0
2026-01-04 20:10:00,IOT-039,Cold-chain sensor,Lagos Hub,468,0,33.2,60.5,38.1,68.2,0
2026-01-04 20:20:00,IOT-003,Temperature node,Lagos Hub,467,1,58.5,64.5,38.1,48.4,0
2026-01-04 20:30:00,IOT-013,Cold-chain sensor,Port Terminal,471,1,72.8,54.4,26.9,96.3,0
2026-01-04 20:40:00,IOT-028,Smart camera,Port Terminal,992,22,98.5,73.6,77.4,140.1,1
2026-01-04 20:50:00,IOT-020,Warehouse gateway,Port Terminal,450,2,34.2,57.2,44.7,71.3,0
2026-01-04 21:00:00,IOT-028,Temperature node,Dallas Route,473,4,26.4,51.5,39.5,74.8,0
2026-01-04 21:10:00,IOT-008,Smart camera,Warehouse A,445,1,48.1,38.9,53.7,78.6,0
2026-01-04 21:20:00,IOT-039,Temperature node,Port Terminal,553,0,58.2,52.4,45.6,93.8,0
2026-01-04 21:30:00,IOT-001,GPS tracker,Little Rock DC,578,2,50.7,51.6,45.3,66.3,0
2026-01-04 21:40:00,IOT-003,Cold-chain sensor,Little Rock DC,342,3,45.0,64.6,22.5,74.5,0
2026-01-04 21:50:00,IOT-013,GPS tracker,Lagos Hub,427,0,37.9,59.6,41.9,79.7,0
2026-01-04 22:00:00,IOT-028,Smart camera,Warehouse A,452,1,31.9,43.2,34.5,83.0,0
2026-01-04 22:10:00,IOT-025,Warehouse gateway,Port Terminal,425,0,55.0,56.7,30.0,82.0,0
2026-01-04 22:20:00,IOT-033,Temperature node,Little Rock DC,611,1,56.0,61.7,36.5,88.7,0
2026-01-04 22:30:00,IOT-038,Cold-chain sensor,Warehouse A,470,1,26.5,70.3,43.5,96.9,0
2026-01-04 22:40:00,IOT-006,Temperature node,Lagos Hub,754,28,84.3,63.9,130.8,216.1,1
2026-01-04 22:50:00,IOT-032,Smart camera,Dallas Route,503,0,51.9,62.6,27.1,89.1,0
2026-01-04 23:00:00,IOT-021,Temperature node,Warehouse A,474,3,61.8,55.6,41.7,48.4,0
2026-01-04 23:10:00,IOT-016,Cold-chain sensor,Warehouse A,477,2,28.9,58.9,29.3,81.0,0
2026-01-04 23:20:00,IOT-021,Smart camera,Dallas Route,612,3,28.6,67.5,37.0,89.6,0
2026-01-04 23:30:00,IOT-011,Temperature node,Warehouse A,481,3,43.2,41.7,32.3,94.6,0
2026-01-04 23:40:00,IOT-037,Warehouse gateway,Lagos Hub,422,1,51.0,51.5,33.0,66.2,0
2026-01-04 23:50:00,IOT-036,Smart camera,Lagos Hub,274,3,66.6,47.3,41.9,66.8,0
2026-01-05 00:00:00,IOT-035,Smart camera,Dallas Route,435,1,53.5,58.8,25.6,68.5,0
2026-01-05 00:10:00,IOT-019,Warehouse gateway,Port Terminal,567,5,42.1,67.3,52.5,90.7,0
2026-01-05 00:20:00,IOT-020,GPS tracker,Little Rock DC,441,0,32.7,49.0,18.6,100.7,0
2026-01-05 00:30:00,IOT-018,Cold-chain sensor,Port Terminal,248,2,59.8,31.1,29.6,71.9,0
2026-01-05 00:40:00,IOT-014,GPS tracker,Warehouse A,405,2,33.4,50.9,38.3,98.2,0
2026-01-05 00:50:00,IOT-015,Temperature node,Little Rock DC,539,2,64.5,64.1,40.3,82.5,0
2026-01-05 01:00:00,IOT-031,Warehouse gateway,Dallas Route,499,1,41.6,60.4,34.1,77.5,0
2026-01-05 01:10:00,IOT-001,GPS tracker,Dallas Route,374,0,64.1,59.3,34.5,75.8,0
2026-01-05 01:20:00,IOT-003,Smart camera,Little Rock DC,399,2,53.1,52.2,38.7,94.9,0
2026-01-05 01:30:00,IOT-016,Temperature node,Lagos Hub,413,2,43.4,42.2,32.9,86.5,0
2026-01-05 01:40:00,IOT-023,Temperature node,Little Rock DC,390,1,38.8,60.2,47.5,125.5,0
2026-01-05 01:50:00,IOT-011,GPS tracker,Warehouse A,267,0,40.9,46.7,42.6,63.0,0
2026-01-05 02:00:00,IOT-012,GPS tracker,Lagos Hub,518,3,50.1,76.8,42.9,90.4,0
2026-01-05 02:10:00,IOT-010,Warehouse gateway,Dallas Route,1126,11,90.3,60.7,97.9,198.4,1
2026-01-05 02:20:00,IOT-032,Cold-chain sensor,Little Rock DC,313,1,37.9,49.2,34.3,62.6,0
2026-01-05 02:30:00,IOT-016,GPS tracker,Port Terminal,2244,29,85.0,48.9,67.7,148.8,1
2026-01-05 02:40:00,IOT-008,GPS tracker,Port Terminal,440,3,45.9,54.1,25.9,82.7,0
2026-01-05 02:50:00,IOT-038,Smart camera,Warehouse A,560,0,19.5,52.6,38.2,138.4,0
2026-01-05 03:00:00,IOT-012,Temperature node,Port Terminal,453,0,50.5,66.2,30.2,76.3,0
2026-01-05 03:10:00,IOT-024,Cold-chain sensor,Little Rock DC,462,1,33.2,56.9,40.9,57.4,0
2026-01-05 03:20:00,IOT-028,Smart camera,Little Rock DC,483,4,31.2,47.7,25.4,85.5,0
2026-01-05 03:30:00,IOT-008,Warehouse gateway,Port Terminal,378,2,24.8,73.9,50.5,38.5,0
2026-01-05 03:40:00,IOT-028,Warehouse gateway,Little Rock DC,557,1,23.5,55.5,26.9,78.2,0
2026-01-05 03:50:00,IOT-036,GPS tracker,Warehouse A,349,2,28.7,62.7,37.0,80.3,0
